Country code,Coverage subscore,Openness subscore,Overall score,Year
BDI,31.8,8.4,19.3,2015 Scores
DJI,15.3,0.5,7.3,2015 Scores
ETH,39.3,12.0,24.7,2015 Scores
KEN,48.7,24.6,35.8,2015 Scores
MDG,29.3,8.5,18.1,2015 Scores
MWI,54.3,38.1,45.6,2015 Scores
MUS,37.1,24.6,30.4,2015 Scores
MOZ,37.2,11.1,23.2,2015 Scores
RWA,50.4,70.7,61.3,2015 Scores
SSD,33.0,28.8,30.7,2015 Scores
TZA,39.8,11.1,24.4,2015 Scores
UGA,50.8,31.3,40.3,2015 Scores
ZMB,29.8,5.4,16.7,2015 Scores
ZWE,44.6,5.3,23.5,2015 Scores
AGO,23.9,9.0,15.9,2015 Scores
CMR,45.0,10.7,26.6,2015 Scores
TCD,28.5,7.3,17.1,2015 Scores
COD,23.0,6.8,14.3,2015 Scores
COG,31.5,9.6,19.7,2015 Scores
GAB,21.9,7.4,14.1,2015 Scores
STP,20.6,4.0,10.9,2015 Scores
DZA,29.3,11.7,19.9,2015 Scores
EGY,44.4,30.1,36.7,2015 Scores
MAR,54.3,12.0,31.6,2015 Scores
SDN,37.6,41.7,39.8,2015 Scores
TUN,30.5,62.2,47.6,2015 Scores
BWA,44.4,8.9,25.3,2015 Scores
LSO,41.5,24.1,32.1,2015 Scores
NAM,29.8,10.0,19.2,2015 Scores
ZAF,52.0,27.4,38.8,2015 Scores
SWZ,5.8,7.3,6.6,2015 Scores
BEN,35.5,12.7,23.3,2015 Scores
BFA,44.0,9.3,25.4,2015 Scores
CPV,47.6,23.4,34.6,2015 Scores
CIV,39.0,33.4,36.0,2015 Scores
GMB,41.9,28.3,34.6,2015 Scores
GHA,45.3,19.3,31.3,2015 Scores
GIN,41.2,9.3,24.1,2015 Scores
GNB,26.8,16.4,21.2,2015 Scores
LBR,37.8,24.5,30.7,2015 Scores
MLI,40.6,16.3,27.6,2015 Scores
MRT,32.9,21.1,26.6,2015 Scores
NER,35.9,9.3,21.6,2015 Scores
NGA,51.3,28.3,38.9,2015 Scores
SEN,50.5,28.4,38.6,2015 Scores
SLE,39.0,13.6,25.3,2015 Scores
TGO,37.4,34.0,35.6,2015 Scores
AIA,18.3,6.9,11.6,2015 Scores
CUB,69.2,35.7,51.2,2015 Scores
DOM,58.2,27.0,41.4,2015 Scores
HTI,5.3,2.5,3.8,2015 Scores
JAM,32.6,13.8,22.5,2015 Scores
LCA,48.5,11.4,26.7,2015 Scores
VCT,29.7,20.2,24.1,2015 Scores
BLZ,41.1,15.2,27.2,2015 Scores
SLV,30.7,14.0,21.7,2015 Scores
GTM,38.1,20.7,28.7,2015 Scores
HND,42.3,25.4,33.2,2015 Scores
MEX,64.7,74.2,69.8,2015 Scores
NIC,37.4,20.3,28.2,2015 Scores
PAN,61.3,30.0,44.5,2015 Scores
ARG,50.2,25.6,37.0,2015 Scores
BOL,38.1,35.2,36.6,2015 Scores
BRA,49.3,39.0,43.8,2015 Scores
CHL,49.9,26.8,37.5,2015 Scores
COL,52.0,35.0,42.9,2015 Scores
ECU,31.6,17.6,24.1,2015 Scores
GUY,35.3,19.9,27.1,2015 Scores
PRY,49.9,7.5,27.1,2015 Scores
PER,53.4,39.0,45.7,2015 Scores
URY,44.0,21.8,32.1,2015 Scores
VEN,25.8,17.4,21.3,2015 Scores
KAZ,45.7,17.1,30.3,2015 Scores
KGZ,53.5,23.3,37.3,2015 Scores
TJK,46.6,26.3,35.7,2015 Scores
TKM,18.9,0.4,9.0,2015 Scores
UZB,5.7,0.8,3.1,2015 Scores
KHM,39.2,15.8,26.6,2015 Scores
CHN,69.7,45.6,56.7,2015 Scores
IDN,55.8,27.6,40.6,2015 Scores
LAO,36.8,8.4,21.6,2015 Scores
MYS,29.6,14.4,21.4,2015 Scores
MNG,68.9,64.7,66.7,2015 Scores
PHL,59.7,28.6,43.0,2015 Scores
THA,34.7,19.6,26.6,2015 Scores
TLS,29.3,5.1,16.3,2015 Scores
VNM,48.0,47.4,47.7,2015 Scores
AFG,57.5,20.2,37.5,2015 Scores
BGD,57.4,15.8,35.0,2015 Scores
BTN,55.5,19.6,36.2,2015 Scores
IND,60.3,34.5,46.4,2015 Scores
IRN,47.3,25.3,35.5,2015 Scores
MDV,49.4,20.2,32.3,2015 Scores
NPL,51.9,17.1,33.2,2015 Scores
PAK,45.9,16.5,30.1,2015 Scores
LKA,61.6,30.9,45.1,2015 Scores
ARM,56.7,49.0,52.5,2015 Scores
AZE,62.9,33.6,47.2,2015 Scores
GEO,63.1,56.8,59.7,2015 Scores
JOR,52.1,30.4,40.4,2015 Scores
LBN,33.2,23.4,28.0,2015 Scores
SAU,41.7,30.9,35.9,2015 Scores
TUR,61.2,47.3,53.7,2015 Scores
YEM,42.0,28.1,34.5,2015 Scores
BLR,57.8,17.8,36.3,2015 Scores
BGR,56.8,36.3,45.8,2015 Scores
XKX,49.4,31.5,39.8,2015 Scores
MDA,69.0,67.6,68.3,2015 Scores
ROU,57.2,37.6,46.7,2015 Scores
RUS,61.5,48.5,54.5,2015 Scores
UKR,52.9,44.1,48.2,2015 Scores
ALB,48.0,31.9,39.3,2015 Scores
BIH,34.2,8.6,20.4,2015 Scores
MKD,23.7,43.3,34.2,2015 Scores
MNE,35.4,20.1,27.2,2015 Scores
SRB,40.0,57.2,49.2,2015 Scores
FJI,32.0,16.2,23.5,2015 Scores
PNG,18.5,4.4,10.9,2015 Scores
SLB,28.9,9.9,18.7,2015 Scores
VUT,36.3,6.4,20.2,2015 Scores
KIR,19.8,7.0,12.3,2015 Scores
MHL,31.4,6.5,16.8,2015 Scores
FSM,36.4,6.2,18.7,2015 Scores
WSM,27.0,9.3,17.5,2015 Scores
PSE,50.7,16.2,32.2,2015 Scores
BDI,45.7,33.1,38.9,2016 Scores
DJI,29.9,24.5,27.0,2016 Scores
ETH,26.3,21.2,23.6,2016 Scores
KEN,48.8,49.6,49.2,2016 Scores
MDG,3.3,3.3,3.3,2016 Scores
MWI,36.9,39.1,38.1,2016 Scores
MUS,56.5,56.8,56.7,2016 Scores
MOZ,31.0,26.5,28.6,2016 Scores
RWA,44.6,68.1,57.3,2016 Scores
SSD,22.2,23.8,23.1,2016 Scores
TZA,40.7,25.4,32.5,2016 Scores
UGA,43.0,36.5,39.5,2016 Scores
ZMB,25.7,18.5,21.8,2016 Scores
ZWE,32.0,22.5,26.9,2016 Scores
AGO,23.8,23.0,23.3,2016 Scores
CMR,37.2,42.3,39.9,2016 Scores
TCD,34.4,26.7,30.3,2016 Scores
COD,29.8,20.0,24.5,2016 Scores
COG,29.1,26.1,27.5,2016 Scores
GAB,18.5,19.7,19.2,2016 Scores
STP,23.7,37.3,31.7,2016 Scores
DZA,26.0,19.5,22.5,2016 Scores
EGY,45.5,32.5,38.5,2016 Scores
LBY,16.8,1.0,8.3,2016 Scores
MAR,37.6,20.8,28.5,2016 Scores
TUN,43.3,48.7,46.2,2016 Scores
BWA,35.8,30.6,33.0,2016 Scores
LSO,34.1,30.9,32.4,2016 Scores
NAM,33.7,29.9,31.6,2016 Scores
ZAF,51.8,55.6,53.9,2016 Scores
SWZ,4.3,6.0,5.2,2016 Scores
BEN,24.4,21.7,23.0,2016 Scores
BFA,40.1,26.1,32.5,2016 Scores
CPV,26.5,35.7,31.4,2016 Scores
CIV,25.2,24.7,24.9,2016 Scores
GMB,16.3,15.2,15.7,2016 Scores
GHA,36.7,20.7,28.1,2016 Scores
GIN,43.2,41.3,42.1,2016 Scores
GNB,19.6,36.4,28.6,2016 Scores
LBR,36.4,37.3,36.9,2016 Scores
MLI,41.5,46.8,44.3,2016 Scores
MRT,33.0,31.8,32.4,2016 Scores
NER,35.1,27.0,30.7,2016 Scores
NGA,43.9,37.7,40.6,2016 Scores
SEN,35.7,37.5,36.7,2016 Scores
SLE,40.5,26.9,33.2,2016 Scores
TGO,30.1,35.9,33.2,2016 Scores
AIA,12.3,10.1,11.0,2016 Scores
BHS,34.4,24.7,29.2,2016 Scores
CUB,45.4,43.7,44.5,2016 Scores
DOM,48.1,46.0,47.0,2016 Scores
HTI,3.9,5.2,4.6,2016 Scores
JAM,19.3,17.6,18.4,2016 Scores
LCA,31.4,21.6,25.6,2016 Scores
VCT,33.4,17.4,24.0,2016 Scores
TTO,20.5,17.6,18.9,2016 Scores
BLZ,31.1,29.1,30.0,2016 Scores
CRI,22.8,16.4,19.4,2016 Scores
SLV,24.8,18.7,21.5,2016 Scores
GTM,26.8,26.4,26.5,2016 Scores
HND,35.8,23.2,29.1,2016 Scores
MEX,56.7,79.7,69.0,2016 Scores
NIC,39.5,38.1,38.8,2016 Scores
PAN,45.4,40.1,42.5,2016 Scores
CAN,67.5,85.3,77.1,2016 Scores
USA,77.3,74.6,75.9,2016 Scores
ARG,37.1,26.8,31.6,2016 Scores
BOL,45.0,38.8,41.7,2016 Scores
BRA,46.8,41.8,44.1,2016 Scores
CHL,48.4,43.1,45.6,2016 Scores
COL,47.2,38.9,42.7,2016 Scores
ECU,55.6,59.4,57.7,2016 Scores
GUY,27.6,29.7,28.7,2016 Scores
PRY,44.7,29.5,36.5,2016 Scores
PER,46.7,28.4,36.8,2016 Scores
SUR,37.3,40.6,39.1,2016 Scores
URY,38.5,23.3,30.3,2016 Scores
VEN,37.9,24.3,30.6,2016 Scores
KAZ,61.4,37.2,48.4,2016 Scores
KGZ,63.3,51.8,57.1,2016 Scores
TJK,46.0,37.8,41.6,2016 Scores
TKM,26.8,20.5,23.4,2016 Scores
UZB,13.8,12.3,13.0,2016 Scores
KHM,24.6,20.4,22.3,2016 Scores
CHN,45.6,45.6,45.6,2016 Scores
HKG,51.0,27.9,37.4,2016 Scores
IDN,49.6,30.7,39.4,2016 Scores
JPN,49.1,57.5,53.6,2016 Scores
KOR,64.9,60.2,62.3,2016 Scores
LAO,26.7,27.3,27.0,2016 Scores
MYS,36.4,38.7,37.7,2016 Scores
MNG,62.0,63.4,62.7,2016 Scores
MMR,28.1,35.8,32.2,2016 Scores
PHL,52.0,38.2,44.6,2016 Scores
SGP,47.1,44.1,45.3,2016 Scores
THA,39.0,37.8,38.3,2016 Scores
TLS,38.0,22.5,29.7,2016 Scores
VNM,35.5,36.7,36.1,2016 Scores
BGD,42.3,29.1,35.2,2016 Scores
BTN,50.7,44.4,47.3,2016 Scores
IND,52.8,57.2,55.2,2016 Scores
MDV,38.7,27.5,32.1,2016 Scores
NPL,48.7,28.3,37.7,2016 Scores
PAK,46.4,29.2,37.2,2016 Scores
LKA,48.3,43.8,45.9,2016 Scores
ARM,55.1,53.4,54.2,2016 Scores
AZE,60.3,41.2,50.0,2016 Scores
BHR,46.3,42.8,44.2,2016 Scores
CYP,49.2,47.3,48.2,2016 Scores
GEO,59.1,53.0,55.8,2016 Scores
IRQ,38.6,26.6,32.1,2016 Scores
ISR,26.2,45.6,36.6,2016 Scores
JOR,52.9,40.3,46.1,2016 Scores
KWT,40.8,37.1,38.8,2016 Scores
LBN,34.1,25.5,29.5,2016 Scores
OMN,33.6,51.0,42.9,2016 Scores
QAT,35.9,27.9,31.6,2016 Scores
SAU,36.0,22.9,29.0,2016 Scores
TUR,45.8,42.8,44.2,2016 Scores
ARE,40.4,31.9,35.9,2016 Scores
YEM,40.7,26.6,33.1,2016 Scores
BLR,65.0,36.8,49.9,2016 Scores
BGR,64.9,57.6,61.0,2016 Scores
CZE,79.1,84.0,81.7,2016 Scores
HUN,62.2,56.7,59.3,2016 Scores
XKX,42.4,36.8,39.4,2016 Scores
MDA,57.3,64.8,61.4,2016 Scores
POL,77.2,80.0,78.7,2016 Scores
ROU,59.6,46.8,52.7,2016 Scores
RUS,60.7,50.2,55.1,2016 Scores
SVK,58.7,48.1,53.0,2016 Scores
UKR,56.2,31.7,43.0,2016 Scores
DNK,65.4,88.7,77.9,2016 Scores
EST,78.3,78.5,78.4,2016 Scores
FIN,71.6,77.0,74.5,2016 Scores
ISL,41.3,48.7,45.3,2016 Scores
IRL,53.7,67.8,61.3,2016 Scores
LVA,72.5,74.2,73.5,2016 Scores
LTU,84.4,72.7,78.1,2016 Scores
NOR,71.0,87.8,80.1,2016 Scores
SWE,73.3,91.3,83.0,2016 Scores
GBR,48.6,54.9,52.0,2016 Scores
ALB,57.9,54.4,56.0,2016 Scores
BIH,39.0,32.2,35.3,2016 Scores
HRV,65.2,54.5,59.5,2016 Scores
GRC,46.7,49.8,48.4,2016 Scores
ITA,64.8,80.4,73.2,2016 Scores
MKD,61.0,57.4,59.0,2016 Scores
MLT,41.8,42.9,42.4,2016 Scores
MNE,48.6,34.1,40.8,2016 Scores
PRT,61.6,74.9,68.8,2016 Scores
SRB,51.7,57.1,54.6,2016 Scores
SVN,66.2,73.4,70.0,2016 Scores
ESP,57.1,72.7,65.5,2016 Scores
AUT,58.5,71.5,65.5,2016 Scores
BEL,45.9,59.4,53.2,2016 Scores
FRA,44.5,50.1,47.5,2016 Scores
DEU,60.0,72.0,66.4,2016 Scores
AUS,57.4,67.8,63.0,2016 Scores
NZL,58.7,75.3,67.6,2016 Scores
FJI,34.1,22.5,27.9,2016 Scores
PNG,16.8,12.0,14.2,2016 Scores
SLB,31.1,21.1,25.7,2016 Scores
VUT,29.6,22.3,25.7,2016 Scores
KIR,27.1,23.8,25.1,2016 Scores
MHL,30.3,19.4,23.9,2016 Scores
FSM,35.4,24.4,28.9,2016 Scores
WSM,39.4,33.2,36.1,2016 Scores
PSE,47.7,39.5,43.3,2016 Scores
NLD,55.9,85.0,71.6,2016 Scores
LUX,43.7,47.2,45.6,2016 Scores
CHE,62.3,60.5,61.3,2016 Scores
TWN,35.8,46.0,41.3,2016 Scores
BDI,35.2,29.2,32.1,2017 Scores
DJI,23.0,29.3,26.3,2017 Scores
ETH,30.5,26.0,28.1,2017 Scores
KEN,41.4,32.3,36.6,2017 Scores
MDG,7.6,4.9,6.2,2017 Scores
MWI,29.4,35.9,32.8,2017 Scores
MUS,53.8,61.7,57.9,2017 Scores
MOZ,34.6,22.1,28.1,2017 Scores
RWA,44.0,63.2,54.1,2017 Scores
SYC,36.4,34.7,35.4,2017 Scores
SOM,5.2,6.2,5.7,2017 Scores
SSD,15.2,25.3,20.5,2017 Scores
TZA,35.9,30.6,33.1,2017 Scores
UGA,38.4,45.4,42.0,2017 Scores
ZMB,26.9,20.2,23.4,2017 Scores
ZWE,28.5,26.2,27.3,2017 Scores
AGO,18.4,23.2,20.9,2017 Scores
CMR,36.1,35.1,35.6,2017 Scores
TCD,1.7,4.6,3.2,2017 Scores
COD,23.2,24.1,23.7,2017 Scores
COG,25.9,33.1,29.7,2017 Scores
GAB,13.2,21.2,17.4,2017 Scores
STP,16.8,25.1,21.5,2017 Scores
DZA,33.0,28.7,30.8,2017 Scores
EGY,47.0,32.1,39.2,2017 Scores
LBY,19.6,8.4,13.8,2017 Scores
MAR,32.8,24.9,28.7,2017 Scores
SDN,15.9,13.8,14.8,2017 Scores
TUN,37.0,36.7,36.8,2017 Scores
BWA,36.9,48.7,43.1,2017 Scores
LSO,24.0,39.6,32.2,2017 Scores
NAM,25.7,27.0,26.4,2017 Scores
ZAF,38.1,51.3,45.0,2017 Scores
SWZ,5.6,7.9,6.8,2017 Scores
BEN,13.6,16.7,15.2,2017 Scores
BFA,31.2,28.3,29.7,2017 Scores
CPV,19.2,21.1,20.2,2017 Scores
CIV,18.7,27.4,23.3,2017 Scores
GMB,25.8,27.2,26.6,2017 Scores
GHA,37.2,32.0,34.5,2017 Scores
GIN,37.0,36.0,36.5,2017 Scores
GNB,21.6,33.2,27.7,2017 Scores
LBR,35.3,37.6,36.5,2017 Scores
MLI,34.5,37.9,36.3,2017 Scores
MRT,33.0,35.0,34.0,2017 Scores
NER,37.4,32.6,34.9,2017 Scores
NGA,43.1,33.1,37.9,2017 Scores
SEN,38.0,42.1,40.1,2017 Scores
SLE,32.7,33.0,32.9,2017 Scores
TGO,21.7,27.1,24.5,2017 Scores
AIA,10.5,11.6,11.1,2017 Scores
BHS,28.0,29.0,28.5,2017 Scores
CUB,41.1,29.8,35.2,2017 Scores
DOM,43.5,46.6,45.1,2017 Scores
HTI,13.5,12.4,12.9,2017 Scores
JAM,29.1,57.4,43.9,2017 Scores
LCA,22.7,17.3,19.7,2017 Scores
VCT,30.2,27.1,28.4,2017 Scores
TTO,20.2,35.7,28.3,2017 Scores
BLZ,34.4,35.3,34.9,2017 Scores
CRI,44.4,60.3,52.7,2017 Scores
SLV,34.3,36.1,35.2,2017 Scores
GTM,30.6,32.0,31.4,2017 Scores
HND,34.2,34.8,34.5,2017 Scores
MEX,56.3,84.6,71.1,2017 Scores
NIC,34.4,29.8,32.0,2017 Scores
PAN,39.0,36.3,37.6,2017 Scores
CAN,63.2,85.7,75.0,2017 Scores
USA,65.5,71.7,68.7,2017 Scores
ARG,38.5,36.7,37.5,2017 Scores
BOL,33.1,50.5,42.2,2017 Scores
BRA,41.4,38.4,39.8,2017 Scores
CHL,35.8,24.3,29.8,2017 Scores
COL,55.0,52.9,53.9,2017 Scores
ECU,48.1,61.9,55.3,2017 Scores
GUY,23.7,21.9,22.8,2017 Scores
PRY,40.9,31.1,35.8,2017 Scores
PER,52.7,59.5,56.3,2017 Scores
SUR,34.2,35.3,34.8,2017 Scores
URY,41.2,50.9,46.3,2017 Scores
VEN,32.2,30.2,31.2,2017 Scores
KAZ,62.7,42.9,52.3,2017 Scores
KGZ,52.9,43.6,48.1,2017 Scores
TJK,35.8,45.6,41.0,2017 Scores
TKM,13.2,18.2,15.8,2017 Scores
UZB,17.7,17.7,17.7,2017 Scores
KHM,20.9,28.7,25.0,2017 Scores
CHN,44.2,39.6,41.8,2017 Scores
HKG,54.3,60.0,57.5,2017 Scores
IDN,61.2,58.8,59.9,2017 Scores
JPN,55.7,57.3,56.5,2017 Scores
KOR,53.9,77.9,66.4,2017 Scores
LAO,23.0,22.7,22.8,2017 Scores
MAC,33.8,41.9,38.4,2017 Scores
MYS,40.4,49.3,45.1,2017 Scores
MNG,53.3,71.1,62.6,2017 Scores
MMR,32.2,46.1,39.5,2017 Scores
PHL,45.8,70.2,58.6,2017 Scores
SGP,55.0,70.6,63.8,2017 Scores
THA,38.8,28.4,33.4,2017 Scores
TLS,30.1,22.2,26.0,2017 Scores
VNM,30.7,41.2,36.2,2017 Scores
AFG,22.4,22.1,22.2,2017 Scores
BGD,38.8,35.7,37.2,2017 Scores
BTN,46.0,33.3,39.3,2017 Scores
IND,46.5,58.9,53.0,2017 Scores
IRN,40.3,30.3,35.1,2017 Scores
MDV,34.1,40.2,37.5,2017 Scores
NPL,35.1,32.2,33.6,2017 Scores
PAK,40.3,27.6,33.7,2017 Scores
LKA,45.7,41.6,43.5,2017 Scores
ARM,51.6,55.7,53.7,2017 Scores
AZE,59.4,43.4,51.0,2017 Scores
CYP,45.1,56.5,51.1,2017 Scores
GEO,53.6,57.2,55.5,2017 Scores
IRQ,28.3,24.6,26.4,2017 Scores
ISR,40.7,52.6,46.9,2017 Scores
JOR,37.1,39.1,38.2,2017 Scores
KWT,46.4,50.5,48.5,2017 Scores
LBN,31.7,34.7,33.3,2017 Scores
OMN,36.6,63.9,50.9,2017 Scores
QAT,40.2,35.7,37.9,2017 Scores
SAU,30.6,28.5,29.5,2017 Scores
SYR,17.4,17.1,17.3,2017 Scores
TUR,43.1,58.4,51.1,2017 Scores
ARE,36.7,64.8,51.4,2017 Scores
BLR,58.9,39.6,48.8,2017 Scores
BGR,60.5,82.8,72.2,2017 Scores
CZE,64.3,70.5,67.6,2017 Scores
HUN,51.9,56.1,54.1,2017 Scores
XKX,43.8,44.1,44.0,2017 Scores
MDA,54.3,80.2,67.9,2017 Scores
POL,70.5,80.2,75.5,2017 Scores
ROU,34.6,35.9,35.3,2017 Scores
RUS,56.7,43.1,49.6,2017 Scores
SVK,57.8,79.1,68.9,2017 Scores
UKR,47.4,37.3,42.1,2017 Scores
DNK,64.8,95.2,80.7,2017 Scores
EST,59.5,76.6,68.5,2017 Scores
FIN,61.0,88.0,75.1,2017 Scores
ISL,45.1,67.7,57.0,2017 Scores
IRL,46.9,73.6,60.9,2017 Scores
LVA,51.9,79.0,66.1,2017 Scores
LTU,60.6,70.4,65.7,2017 Scores
NOR,70.5,77.1,74.0,2017 Scores
SWE,67.6,87.2,77.8,2017 Scores
GBR,47.4,60.3,54.1,2017 Scores
ALB,51.3,57.7,54.6,2017 Scores
AND,24.3,31.9,28.5,2017 Scores
BIH,37.0,33.2,35.0,2017 Scores
HRV,42.6,43.2,42.9,2017 Scores
GRC,40.6,55.4,48.3,2017 Scores
ITA,57.0,68.4,62.9,2017 Scores
MKD,53.3,61.7,57.7,2017 Scores
MLT,35.2,46.4,41.6,2017 Scores
MNE,40.3,35.6,37.8,2017 Scores
PRT,54.9,71.9,63.8,2017 Scores
SRB,35.8,38.7,37.3,2017 Scores
SVN,55.2,82.8,69.6,2017 Scores
ESP,53.9,62.8,58.6,2017 Scores
AUT,51.9,60.7,56.5,2017 Scores
BEL,45.3,53.3,49.5,2017 Scores
FRA,46.7,67.5,57.6,2017 Scores
DEU,48.1,73.2,61.2,2017 Scores
AUS,50.8,83.5,67.9,2017 Scores
NZL,50.0,75.5,63.4,2017 Scores
FJI,26.7,30.6,28.7,2017 Scores
PNG,15.4,17.1,16.3,2017 Scores
SLB,27.1,29.7,28.5,2017 Scores
VUT,26.7,28.3,27.5,2017 Scores
KIR,21.8,27.3,24.9,2017 Scores
MHL,20.8,25.4,23.4,2017 Scores
FSM,22.0,22.3,22.2,2017 Scores
WSM,34.5,39.8,37.3,2017 Scores
PSE,45.5,40.7,43.0,2017 Scores
LIE,39.3,42.8,41.3,2017 Scores
NLD,56.0,98.1,78.1,2017 Scores
LUX,33.9,59.3,47.2,2017 Scores
CHE,45.8,57.9,52.1,2017 Scores
TWN,35.2,46.3,41.0,2017 Scores
BDI,43.1,35.1,38.8,2018 Scores
DJI,25.5,31.1,28.5,2018 Scores
ETH,27.8,29.9,28.9,2018 Scores
KEN,45.8,31.4,38.2,2018 Scores
MDG,21.5,18.9,20.1,2018 Scores
MWI,32.6,33.7,33.2,2018 Scores
MUS,57.2,58.6,57.9,2018 Scores
MOZ,36.5,22.9,29.2,2018 Scores
RWA,48.0,67.3,58.3,2018 Scores
SYC,40.9,39.4,40.1,2018 Scores
SOM,5.4,8.1,6.9,2018 Scores
SSD,15.7,25.3,20.8,2018 Scores
TZA,35.1,32.1,33.5,2018 Scores
UGA,41.0,42.6,41.9,2018 Scores
ZMB,28.3,23.4,25.7,2018 Scores
ZWE,35.9,29.8,32.6,2018 Scores
AGO,16.3,21.9,19.3,2018 Scores
CMR,36.6,34.7,35.6,2018 Scores
COD,34.1,28.8,31.3,2018 Scores
COG,20.6,33.8,27.7,2018 Scores
GAB,9.5,21.2,15.7,2018 Scores
STP,15.2,24.2,20.3,2018 Scores
DZA,34.0,30.4,32.1,2018 Scores
EGY,48.7,30.4,38.9,2018 Scores
LBY,18.8,11.9,15.1,2018 Scores
MAR,48.6,65.2,57.5,2018 Scores
SDN,23.7,23.8,23.8,2018 Scores
TUN,45.8,57.0,51.7,2018 Scores
BWA,40.9,49.7,45.6,2018 Scores
LSO,27.8,39.8,34.2,2018 Scores
NAM,32.5,39.2,36.1,2018 Scores
ZAF,45.0,56.5,51.2,2018 Scores
SWZ,13.7,17.3,15.6,2018 Scores
BEN,17.7,24.9,21.5,2018 Scores
BFA,33.5,28.7,30.9,2018 Scores
CPV,25.9,28.0,27.0,2018 Scores
CIV,20.7,29.7,25.5,2018 Scores
GMB,31.2,35.6,33.5,2018 Scores
GHA,48.1,33.8,40.5,2018 Scores
GIN,41.4,34.2,37.6,2018 Scores
GNB,20.9,31.8,26.7,2018 Scores
LBR,37.8,36.5,37.1,2018 Scores
MLI,38.6,39.3,39.0,2018 Scores
MRT,38.7,37.4,38.0,2018 Scores
NER,39.1,35.9,37.4,2018 Scores
NGA,46.8,37.2,41.6,2018 Scores
SEN,44.3,43.1,43.7,2018 Scores
SLE,42.2,45.7,44.1,2018 Scores
TGO,25.5,29.5,27.6,2018 Scores
AIA,17.5,22.1,20.1,2018 Scores
BHS,34.5,31.9,33.1,2018 Scores
CUB,43.7,30.6,36.7,2018 Scores
DOM,46.9,46.8,46.9,2018 Scores
HTI,13.1,9.0,10.9,2018 Scores
JAM,47.3,71.2,60.0,2018 Scores
LCA,19.0,17.8,18.3,2018 Scores
VCT,34.9,38.0,36.7,2018 Scores
TTO,23.1,31.8,27.7,2018 Scores
BLZ,41.5,36.8,39.0,2018 Scores
CRI,47.1,59.4,53.6,2018 Scores
SLV,17.7,17.1,17.4,2018 Scores
GTM,36.1,36.3,36.2,2018 Scores
HND,42.7,37.1,39.7,2018 Scores
MEX,57.6,78.8,68.9,2018 Scores
NIC,49.9,30.1,39.4,2018 Scores
PAN,42.5,38.4,40.3,2018 Scores
CAN,77.8,79.6,78.8,2018 Scores
USA,64.0,82.0,73.6,2018 Scores
ARG,41.7,38.4,39.9,2018 Scores
BOL,40.9,55.6,48.7,2018 Scores
BRA,59.2,49.9,54.3,2018 Scores
CHL,42.3,30.9,36.2,2018 Scores
COL,49.6,46.5,48.0,2018 Scores
ECU,47.7,63.2,55.9,2018 Scores
GUY,25.5,22.3,23.8,2018 Scores
PRY,46.7,39.2,42.7,2018 Scores
PER,56.7,57.3,57.0,2018 Scores
SUR,34.2,37.3,35.9,2018 Scores
URY,46.2,51.7,49.2,2018 Scores
VEN,30.3,29.7,30.0,2018 Scores
KAZ,60.4,46.4,52.9,2018 Scores
KGZ,55.6,44.4,49.6,2018 Scores
TJK,40.5,44.1,42.4,2018 Scores
TKM,1.1,1.9,1.5,2018 Scores
UZB,20.8,18.0,19.3,2018 Scores
KHM,24.2,27.6,26.0,2018 Scores
CHN,50.4,39.2,44.4,2018 Scores
HKG,59.7,81.2,71.9,2018 Scores
IDN,49.2,62.0,56.0,2018 Scores
JPN,53.6,64.6,59.4,2018 Scores
KOR,59.2,80.2,70.4,2018 Scores
LAO,27.4,19.9,23.4,2018 Scores
MAC,35.6,42.4,39.4,2018 Scores
MYS,47.7,52.1,50.1,2018 Scores
MNG,62.5,90.0,77.2,2018 Scores
MMR,42.6,51.2,47.2,2018 Scores
PHL,49.9,64.8,57.8,2018 Scores
SGP,66.8,100.0,85.6,2018 Scores
THA,42.7,29.4,35.6,2018 Scores
TLS,30.2,24.7,27.3,2018 Scores
VNM,35.7,42.0,39.0,2018 Scores
AFG,33.9,29.7,31.7,2018 Scores
BGD,44.5,34.8,39.3,2018 Scores
BTN,47.8,27.7,37.1,2018 Scores
IND,44.3,63.9,54.8,2018 Scores
IRN,47.2,29.4,37.7,2018 Scores
MDV,39.1,39.6,39.4,2018 Scores
NPL,40.5,34.0,37.0,2018 Scores
PAK,49.8,32.9,40.8,2018 Scores
LKA,53.7,43.1,48.0,2018 Scores
ARM,50.4,54.9,52.8,2018 Scores
AZE,59.7,43.9,51.3,2018 Scores
CYP,51.9,76.8,65.2,2018 Scores
GEO,56.7,59.4,58.1,2018 Scores
IRQ,26.3,25.0,25.6,2018 Scores
ISR,51.1,57.2,54.3,2018 Scores
JOR,51.3,42.5,46.6,2018 Scores
KWT,51.5,49.0,50.2,2018 Scores
LBN,30.4,37.8,34.4,2018 Scores
OMN,46.2,83.2,65.9,2018 Scores
QAT,47.7,35.9,41.4,2018 Scores
SAU,39.1,32.2,35.4,2018 Scores
SYR,26.3,24.5,25.3,2018 Scores
TUR,45.2,52.0,48.8,2018 Scores
ARE,39.5,60.6,50.7,2018 Scores
BLR,65.9,37.7,50.8,2018 Scores
BGR,61.7,70.3,66.3,2018 Scores
CZE,68.8,70.3,69.6,2018 Scores
HUN,53.4,60.6,57.2,2018 Scores
XKX,51.5,48.0,49.6,2018 Scores
MDA,56.1,82.7,70.3,2018 Scores
POL,79.2,85.3,82.5,2018 Scores
ROU,54.6,55.2,54.9,2018 Scores
RUS,63.3,51.0,56.7,2018 Scores
SVK,66.2,84.8,76.1,2018 Scores
UKR,47.3,38.2,42.4,2018 Scores
DNK,73.5,96.1,85.5,2018 Scores
EST,59.2,81.8,71.3,2018 Scores
FIN,73.7,84.8,79.7,2018 Scores
ISL,43.5,63.4,54.1,2018 Scores
IRL,57.5,84.2,71.8,2018 Scores
LVA,55.7,67.5,62.0,2018 Scores
LTU,67.5,75.5,71.8,2018 Scores
NOR,78.7,76.7,77.6,2018 Scores
SWE,70.6,84.6,78.1,2018 Scores
GBR,50.4,60.4,55.8,2018 Scores
ALB,52.7,59.3,56.2,2018 Scores
AND,29.3,36.3,33.2,2018 Scores
BIH,38.3,32.0,34.9,2018 Scores
HRV,51.5,52.3,52.0,2018 Scores
GRC,51.7,62.5,57.5,2018 Scores
ITA,51.9,75.6,64.6,2018 Scores
MKD,57.6,64.2,61.1,2018 Scores
MLT,39.3,52.0,46.5,2018 Scores
MNE,46.4,42.8,44.5,2018 Scores
PRT,55.8,72.3,64.6,2018 Scores
SRB,43.5,52.1,48.1,2018 Scores
SVN,67.3,90.8,79.8,2018 Scores
ESP,65.8,72.6,69.4,2018 Scores
AUT,60.7,73.9,67.7,2018 Scores
BEL,45.7,51.8,49.0,2018 Scores
FRA,54.7,72.4,64.1,2018 Scores
DEU,66.6,89.4,78.8,2018 Scores
AUS,56.6,78.0,68.0,2018 Scores
NZL,53.8,74.9,65.1,2018 Scores
FJI,29.1,28.5,28.8,2018 Scores
PNG,15.9,15.8,15.9,2018 Scores
SLB,31.3,31.3,31.3,2018 Scores
VUT,26.7,27.4,27.1,2018 Scores
MHL,19.2,22.3,21.0,2018 Scores
FSM,22.1,26.9,24.8,2018 Scores
WSM,38.0,40.5,39.4,2018 Scores
PSE,51.5,59.7,55.9,2018 Scores
LIE,41.7,48.6,45.6,2018 Scores
NLD,70.7,95.5,83.9,2018 Scores
LUX,41.2,71.3,57.2,2018 Scores
CHE,61.2,63.0,62.2,2018 Scores
TWN,49.5,60.5,55.3,2018 Scores
BDI,37.5,42.1,40.0,2020 Scores
DJI,29.5,29.1,29.3,2020 Scores
ETH,23.0,17.6,20.1,2020 Scores
KEN,55.0,32.0,42.6,2020 Scores
MDG,39.1,40.3,39.8,2020 Scores
MWI,40.9,40.0,40.4,2020 Scores
MUS,53.9,60.0,57.2,2020 Scores
MOZ,32.9,21.1,26.6,2020 Scores
RWA,57.3,70.9,64.6,2020 Scores
SYC,44.1,38.5,40.8,2020 Scores
SOM,16.6,31.3,24.5,2020 Scores
SSD,9.8,29.0,20.1,2020 Scores
TZA,47.1,63.9,56.1,2020 Scores
UGA,47.7,49.9,48.9,2020 Scores
ZMB,39.9,51.8,46.3,2020 Scores
ZWE,45.8,50.0,48.1,2020 Scores
AGO,45.2,38.1,41.4,2020 Scores
CMR,48.0,41.6,44.6,2020 Scores
TCD,16.8,21.1,19.2,2020 Scores
COD,39.8,54.2,47.6,2020 Scores
COG,19.7,38.3,29.7,2020 Scores
GNQ,33.4,27.3,30.1,2020 Scores
GAB,21.5,26.7,24.3,2020 Scores
STP,41.9,35.0,37.8,2020 Scores
DZA,38.4,26.3,31.9,2020 Scores
EGY,50.7,33.8,41.6,2020 Scores
LBY,27.0,14.0,20.0,2020 Scores
MAR,56.5,71.8,64.7,2020 Scores
TUN,46.8,61.8,54.9,2020 Scores
BWA,40.5,52.6,47.0,2020 Scores
LSO,36.6,56.6,47.4,2020 Scores
NAM,37.3,44.1,41.0,2020 Scores
ZAF,43.0,59.6,52.0,2020 Scores
SWZ,6.9,11.8,9.5,2020 Scores
BEN,43.5,59.7,52.3,2020 Scores
BFA,43.6,57.1,50.9,2020 Scores
CPV,49.4,44.4,46.7,2020 Scores
CIV,36.3,42.5,39.7,2020 Scores
GMB,43.7,48.2,46.1,2020 Scores
GHA,44.3,34.6,39.1,2020 Scores
GIN,52.2,35.3,43.1,2020 Scores
GNB,17.9,21.0,19.5,2020 Scores
LBR,38.6,37.8,38.2,2020 Scores
MLI,43.5,43.1,43.3,2020 Scores
MRT,34.4,32.7,33.5,2020 Scores
NER,36.8,29.8,33.1,2020 Scores
NGA,48.0,51.4,49.8,2020 Scores
SEN,49.7,48.9,49.3,2020 Scores
SLE,39.0,43.4,41.3,2020 Scores
TGO,31.4,35.1,33.4,2020 Scores
AIA,12.4,12.0,12.2,2020 Scores
ATG,34.5,36.6,35.8,2020 Scores
BHS,34.9,35.9,35.5,2020 Scores
CUB,52.6,44.6,48.3,2020 Scores
DMA,29.4,48.4,40.6,2020 Scores
DOM,55.7,61.0,58.6,2020 Scores
HTI,3.3,3.8,3.6,2020 Scores
JAM,51.5,70.3,61.6,2020 Scores
KNA,25.4,40.2,34.1,2020 Scores
LCA,49.4,70.7,61.9,2020 Scores
VCT,40.1,55.4,49.1,2020 Scores
TTO,21.5,32.2,27.2,2020 Scores
BLZ,42.6,37.2,39.7,2020 Scores
CRI,54.8,61.1,58.2,2020 Scores
SLV,44.0,38.0,40.8,2020 Scores
GTM,35.7,36.0,35.9,2020 Scores
HND,38.6,36.7,37.6,2020 Scores
MEX,56.7,80.0,69.3,2020 Scores
NIC,49.6,31.0,39.5,2020 Scores
PAN,44.9,47.8,46.5,2020 Scores
CAN,72.2,79.2,76.0,2020 Scores
GRL,43.3,60.8,52.7,2020 Scores
USA,61.3,78.1,70.4,2020 Scores
ARG,52.0,42.4,46.8,2020 Scores
BOL,45.7,49.1,47.5,2020 Scores
BRA,63.9,61.0,62.3,2020 Scores
CHL,40.3,33.0,36.3,2020 Scores
COL,50.0,55.0,52.7,2020 Scores
ECU,62.9,69.6,66.5,2020 Scores
GUY,21.7,32.9,27.8,2020 Scores
PRY,49.3,34.7,41.4,2020 Scores
PER,60.8,59.0,59.8,2020 Scores
SUR,55.7,57.4,56.6,2020 Scores
URY,47.0,60.1,54.1,2020 Scores
KAZ,57.4,65.0,61.5,2020 Scores
KGZ,52.7,44.7,48.4,2020 Scores
TJK,48.3,35.1,41.2,2020 Scores
TKM,1.1,1.4,1.3,2020 Scores
UZB,52.0,72.2,62.9,2020 Scores
BRN,47.5,58.0,53.2,2020 Scores
KHM,29.5,35.5,32.7,2020 Scores
CHN,44.4,27.2,35.1,2020 Scores
HKG,69.3,83.6,77.7,2020 Scores
IDN,59.1,75.2,67.8,2020 Scores
JPN,66.6,69.5,68.2,2020 Scores
KOR,60.8,78.5,70.4,2020 Scores
LAO,34.5,43.0,39.1,2020 Scores
MAC,46.2,48.6,47.6,2020 Scores
MYS,53.0,52.8,52.9,2020 Scores
MNG,63.8,90.7,78.3,2020 Scores
MMR,49.2,52.0,50.7,2020 Scores
PHL,62.7,81.3,72.7,2020 Scores
SGP,80.4,100.0,92.0,2020 Scores
THA,49.0,38.8,43.5,2020 Scores
TLS,47.4,31.9,39.0,2020 Scores
VNM,43.7,53.9,49.2,2020 Scores
AFG,34.9,28.3,31.4,2020 Scores
BGD,44.3,32.4,37.9,2020 Scores
BTN,48.2,31.8,39.3,2020 Scores
IND,50.1,65.0,58.1,2020 Scores
IRN,44.2,37.9,40.8,2020 Scores
MDV,50.3,53.2,52.0,2020 Scores
NPL,50.4,38.1,43.8,2020 Scores
PAK,52.0,35.6,43.1,2020 Scores
LKA,58.0,43.7,50.3,2020 Scores
ARM,58.7,54.7,56.5,2020 Scores
AZE,58.7,54.3,56.3,2020 Scores
BHR,51.8,66.7,60.6,2020 Scores
CYP,48.4,74.1,62.3,2020 Scores
GEO,62.4,73.7,68.5,2020 Scores
IRQ,43.4,52.1,48.1,2020 Scores
ISR,55.6,60.4,58.2,2020 Scores
JOR,57.2,48.7,52.6,2020 Scores
KWT,48.4,45.5,46.8,2020 Scores
LBN,34.7,48.2,42.0,2020 Scores
OMN,60.1,93.2,78.0,2020 Scores
QAT,47.1,43.6,45.2,2020 Scores
SAU,52.3,44.1,47.9,2020 Scores
SYR,34.7,25.6,29.8,2020 Scores
TUR,53.9,56.7,55.4,2020 Scores
ARE,61.4,85.9,74.6,2020 Scores
YEM,40.9,32.5,36.4,2020 Scores
BLR,71.0,62.0,66.2,2020 Scores
BGR,65.9,73.2,69.9,2020 Scores
CZE,71.1,68.8,69.8,2020 Scores
HUN,63.1,67.1,65.3,2020 Scores
XKX,52.7,53.9,53.3,2020 Scores
MDA,56.9,86.0,72.6,2020 Scores
POL,81.2,88.8,85.3,2020 Scores
ROU,57.9,73.2,66.2,2020 Scores
RUS,60.7,57.5,59.0,2020 Scores
SVK,66.2,88.5,78.2,2020 Scores
UKR,60.0,65.4,62.9,2020 Scores
DNK,74.4,93.0,84.4,2020 Scores
EST,64.0,75.5,70.2,2020 Scores
FIN,82.1,87.1,84.8,2020 Scores
ISL,44.8,59.7,52.8,2020 Scores
IRL,61.4,90.4,77.1,2020 Scores
LVA,51.8,63.6,58.2,2020 Scores
LTU,70.0,77.0,73.8,2020 Scores
NOR,74.6,82.9,79.1,2020 Scores
SWE,77.6,89.3,83.9,2020 Scores
GBR,52.8,62.0,57.8,2020 Scores
ALB,50.6,55.9,53.5,2020 Scores
AND,28.7,33.9,31.8,2020 Scores
BIH,46.0,38.2,41.8,2020 Scores
HRV,58.9,68.0,63.8,2020 Scores
GRC,55.0,64.6,60.1,2020 Scores
ITA,53.5,76.5,65.9,2020 Scores
MKD,60.1,63.6,62.0,2020 Scores
MLT,44.4,49.1,47.2,2020 Scores
MNE,43.4,69.3,57.4,2020 Scores
PRT,55.8,75.7,66.5,2020 Scores
SMR,28.0,24.0,25.7,2020 Scores
SRB,55.7,68.4,62.6,2020 Scores
SVN,70.7,87.7,79.9,2020 Scores
ESP,68.4,73.7,71.3,2020 Scores
AUT,60.1,76.1,68.7,2020 Scores
BEL,44.3,46.6,45.5,2020 Scores
FRA,57.1,66.3,62.0,2020 Scores
DEU,67.0,86.0,77.3,2020 Scores
AUS,55.9,69.3,63.1,2020 Scores
NZL,57.0,80.9,69.9,2020 Scores
FJI,41.0,37.7,39.2,2020 Scores
PNG,17.4,23.5,20.7,2020 Scores
SLB,30.0,28.2,29.0,2020 Scores
MHL,33.6,32.5,32.9,2020 Scores
FSM,32.2,34.8,33.7,2020 Scores
PLW,38.0,23.6,29.5,2020 Scores
WSM,39.6,52.6,46.6,2020 Scores
TON,44.0,39.6,41.4,2020 Scores
PSE,68.1,75.4,72.0,2020 Scores
LIE,44.9,51.5,48.8,2020 Scores
NLD,70.0,91.3,81.5,2020 Scores
LUX,46.5,80.9,65.1,2020 Scores
CHE,67.2,71.3,69.4,2020 Scores
TWN,51.3,68.0,60.3,2020 Scores
BDI,42.1,39.4,40.7,2022 Scores
DJI,30.7,28.4,29.4,2022 Scores
ETH,37.2,43.6,40.7,2022 Scores
KEN,55.5,37.0,45.5,2022 Scores
MDG,34.7,31.7,33.1,2022 Scores
MWI,40.5,36.4,38.3,2022 Scores
MUS,45.2,57.7,51.9,2022 Scores
MOZ,45.7,29.1,36.8,2022 Scores
RWA,54.7,63.4,59.4,2022 Scores
SYC,45.8,32.7,38.0,2022 Scores
SOM,23.5,43.6,34.3,2022 Scores
SSD,2.8,13.3,8.5,2022 Scores
TZA,45.0,62.1,54.2,2022 Scores
UGA,43.5,47.3,45.6,2022 Scores
ZMB,32.7,33.4,33.1,2022 Scores
ZWE,31.9,51.1,42.3,2022 Scores
AGO,37.7,32.3,34.8,2022 Scores
CMR,41.6,45.7,43.8,2022 Scores
CAF,25.3,25.9,25.6,2022 Scores
TCD,25.4,27.6,26.6,2022 Scores
COD,27.8,37.3,32.9,2022 Scores
GNQ,33.2,28.7,30.8,2022 Scores
GAB,26.0,39.5,33.3,2022 Scores
STP,46.8,33.1,38.7,2022 Scores
DZA,36.9,23.5,29.7,2022 Scores
EGY,52.5,31.3,41.0,2022 Scores
LBY,17.6,26.9,22.6,2022 Scores
MAR,65.8,71.2,68.7,2022 Scores
TUN,42.8,69.2,57.0,2022 Scores
BWA,44.8,56.7,51.2,2022 Scores
LSO,37.4,39.2,38.4,2022 Scores
NAM,36.6,38.5,37.6,2022 Scores
ZAF,45.7,58.6,52.6,2022 Scores
SWZ,13.7,17.0,15.4,2022 Scores
BEN,42.8,58.2,51.1,2022 Scores
BFA,41.0,57.0,49.6,2022 Scores
CPV,45.3,44.0,44.6,2022 Scores
CIV,15.6,24.3,20.3,2022 Scores
GMB,42.7,47.9,45.5,2022 Scores
GHA,47.3,35.4,40.9,2022 Scores
GIN,53.9,38.3,45.5,2022 Scores
LBR,29.5,48.1,39.5,2022 Scores
MLI,47.7,32.6,39.5,2022 Scores
MRT,42.8,39.6,41.1,2022 Scores
NER,38.3,33.4,35.7,2022 Scores
NGA,47.9,41.5,44.5,2022 Scores
SEN,48.7,46.3,47.4,2022 Scores
SLE,44.7,47.2,46.1,2022 Scores
TGO,42.6,41.8,42.1,2022 Scores
AIA,21.1,22.6,22.0,2022 Scores
ATG,29.8,30.7,30.3,2022 Scores
ABW,41.2,36.1,38.2,2022 Scores
BHS,32.6,33.0,32.8,2022 Scores
BRB,21.2,22.9,22.2,2022 Scores
CUB,54.0,28.8,40.4,2022 Scores
DMA,24.2,34.8,30.4,2022 Scores
DOM,56.4,53.9,55.0,2022 Scores
GRD,16.4,16.2,16.3,2022 Scores
HTI,3.3,4.0,3.7,2022 Scores
JAM,46.2,73.0,60.7,2022 Scores
KNA,29.1,50.0,41.4,2022 Scores
LCA,42.5,59.2,52.3,2022 Scores
VCT,38.9,52.3,46.8,2022 Scores
TTO,34.6,34.0,34.3,2022 Scores
BLZ,44.3,44.6,44.5,2022 Scores
CRI,51.2,60.0,56.0,2022 Scores
SLV,46.9,39.7,43.0,2022 Scores
GTM,36.0,36.3,36.1,2022 Scores
HND,39.2,42.0,40.7,2022 Scores
MEX,57.6,80.7,70.1,2022 Scores
NIC,47.5,33.3,39.8,2022 Scores
PAN,41.9,47.2,44.8,2022 Scores
CAN,76.1,78.2,77.2,2022 Scores
GRL,42.9,67.4,56.1,2022 Scores
USA,63.7,79.4,72.2,2022 Scores
ARG,50.9,40.4,45.2,2022 Scores
BOL,55.5,50.8,53.0,2022 Scores
BRA,66.4,62.0,64.0,2022 Scores
CHL,55.9,56.7,56.3,2022 Scores
COL,60.3,55.6,57.7,2022 Scores
ECU,62.3,67.3,65.0,2022 Scores
GUY,27.3,38.2,33.2,2022 Scores
PRY,49.7,54.5,52.3,2022 Scores
PER,59.3,62.0,60.8,2022 Scores
SUR,47.5,51.4,49.6,2022 Scores
URY,51.3,62.8,57.5,2022 Scores
VEN,17.9,18.7,18.3,2022 Scores
KAZ,58.5,67.0,63.1,2022 Scores
KGZ,60.1,43.1,51.0,2022 Scores
TJK,46.8,37.5,41.8,2022 Scores
TKM,1.1,1.4,1.3,2022 Scores
UZB,58.8,79.9,70.2,2022 Scores
BRN,45.3,63.1,54.9,2022 Scores
KHM,32.9,40.9,37.2,2022 Scores
CHN,44.4,31.4,37.4,2022 Scores
HKG,75.6,87.0,82.4,2022 Scores
IDN,67.4,74.7,71.3,2022 Scores
JPN,65.3,70.9,68.3,2022 Scores
KOR,61.0,80.2,71.4,2022 Scores
LAO,42.3,47.2,44.9,2022 Scores
MAC,40.8,48.0,45.0,2022 Scores
MYS,53.6,63.1,58.7,2022 Scores
MNG,70.0,91.5,81.6,2022 Scores
MMR,45.0,52.6,49.1,2022 Scores
PHL,57.7,78.0,68.6,2022 Scores
SGP,76.7,100.0,90.4,2022 Scores
THA,52.0,43.9,47.6,2022 Scores
TLS,38.2,33.3,35.6,2022 Scores
VNM,50.4,58.3,54.6,2022 Scores
AFG,34.1,30.0,31.9,2022 Scores
BGD,45.0,35.0,39.6,2022 Scores
BTN,48.2,42.1,44.9,2022 Scores
IND,42.9,63.2,53.8,2022 Scores
IRN,42.4,38.4,40.3,2022 Scores
MDV,45.3,42.0,43.4,2022 Scores
NPL,49.3,40.2,44.4,2022 Scores
PAK,51.5,35.8,43.0,2022 Scores
LKA,53.5,46.1,49.5,2022 Scores
ARM,60.4,56.3,58.2,2022 Scores
AZE,55.6,58.0,56.9,2022 Scores
BHR,51.2,71.1,62.9,2022 Scores
CYP,50.0,71.7,61.7,2022 Scores
GEO,63.8,77.5,71.2,2022 Scores
IRQ,36.3,43.6,40.3,2022 Scores
ISR,55.5,72.8,64.8,2022 Scores
JOR,60.5,71.1,66.3,2022 Scores
KWT,41.1,39.5,40.2,2022 Scores
LBN,28.3,34.7,31.7,2022 Scores
OMN,54.1,90.8,73.9,2022 Scores
QAT,46.3,40.3,43.1,2022 Scores
SAU,49.8,65.1,58.1,2022 Scores
SYR,23.4,19.2,21.1,2022 Scores
TUR,57.4,60.4,59.0,2022 Scores
ARE,69.1,88.5,79.5,2022 Scores
YEM,39.6,34.0,36.6,2022 Scores
BLR,68.1,61.4,64.5,2022 Scores
BGR,62.9,74.0,68.9,2022 Scores
CZE,72.1,67.3,69.5,2022 Scores
HUN,59.8,67.0,63.7,2022 Scores
XKX,47.1,49.5,48.4,2022 Scores
MDA,64.4,86.2,76.2,2022 Scores
POL,81.2,91.9,87.0,2022 Scores
ROU,58.5,82.6,71.5,2022 Scores
RUS,59.1,63.6,61.5,2022 Scores
SVK,65.8,83.4,75.3,2022 Scores
UKR,58.8,62.1,60.6,2022 Scores
DNK,76.5,95.4,86.7,2022 Scores
EST,66.7,90.6,79.6,2022 Scores
FIN,81.8,89.3,85.8,2022 Scores
ISL,45.6,60.2,53.5,2022 Scores
IRL,54.0,88.9,72.8,2022 Scores
LVA,60.1,91.2,76.9,2022 Scores
LTU,67.8,73.5,70.9,2022 Scores
NOR,77.5,91.7,85.2,2022 Scores
SWE,72.9,88.0,81.0,2022 Scores
GBR,52.7,70.9,62.5,2022 Scores
ALB,61.3,59.3,60.2,2022 Scores
AND,47.6,67.3,59.2,2022 Scores
BIH,48.6,41.5,44.8,2022 Scores
HRV,63.2,62.1,62.6,2022 Scores
GRC,53.5,64.7,59.5,2022 Scores
ITA,54.2,79.0,67.6,2022 Scores
MKD,62.7,63.1,62.9,2022 Scores
MLT,46.1,56.7,52.3,2022 Scores
MNE,40.6,60.0,51.0,2022 Scores
PRT,63.0,90.6,77.9,2022 Scores
SMR,38.2,32.1,34.6,2022 Scores
SRB,63.4,74.8,69.5,2022 Scores
SVN,71.5,92.6,82.9,2022 Scores
ESP,72.1,73.6,72.9,2022 Scores
AUT,53.0,68.6,61.4,2022 Scores
BEL,52.6,60.8,57.0,2022 Scores
FRA,58.6,76.8,68.4,2022 Scores
DEU,72.2,84.6,78.9,2022 Scores
AUS,60.2,82.0,72.0,2022 Scores
NZL,53.9,78.0,66.9,2022 Scores
FJI,46.0,39.2,42.3,2022 Scores
PNG,20.8,27.6,24.5,2022 Scores
SLB,28.5,27.8,28.1,2022 Scores
VUT,35.3,27.2,30.9,2022 Scores
KIR,32.4,29.6,30.7,2022 Scores
MHL,29.1,25.0,26.7,2022 Scores
FSM,25.4,27.4,26.6,2022 Scores
NRU,7.3,12.9,10.6,2022 Scores
PLW,42.0,29.0,34.4,2022 Scores
WSM,44.4,39.0,41.5,2022 Scores
TON,50.3,40.8,44.7,2022 Scores
TUV,29.3,29.2,29.2,2022 Scores
PSE,67.6,74.5,71.3,2022 Scores
LIE,45.8,75.5,63.3,2022 Scores
NLD,66.8,90.7,79.7,2022 Scores
LUX,46.2,80.7,64.8,2022 Scores
CHE,65.9,65.2,65.5,2022 Scores
TWN,58.8,72.1,66.0,2022 Scores
MCO,26.7,23.2,24.6,2022 Scores
BDI,51.4,77.4,65.5,2024 Scores
COM,28.3,50.8,40.5,2024 Scores
DJI,31.8,34.8,33.4,2024 Scores
ETH,44.6,43.3,43.9,2024 Scores
KEN,60.6,61.8,61.2,2024 Scores
MDG,31,35.3,33.3,2024 Scores
MWI,35.9,39.8,38,2024 Scores
MUS,56.1,61.9,59.2,2024 Scores
MOZ,49.8,50,49.9,2024 Scores
RWA,53.2,66.4,60.3,2024 Scores
SYC,48.6,44,45.8,2024 Scores
SOM,31.5,46.2,39.5,2024 Scores
SSD,13.1,25,19.6,2024 Scores
TZA,47.6,63.7,56.3,2024 Scores
UGA,52.8,63.7,58.7,2024 Scores
ZMB,36.6,37.6,37.1,2024 Scores
ZWE,39,50,44.9,2024 Scores
AGO,47.4,39.2,43,2024 Scores
CMR,53.2,75,65.1,2024 Scores
CAF,41.5,77.2,60.9,2024 Scores
TCD,46.2,50.2,48.4,2024 Scores
COD,35.6,38.4,37.1,2024 Scores
COG,26.6,37.5,32.5,2024 Scores
GNQ,30.8,38.9,35.2,2024 Scores
GAB,30.4,40.7,36,2024 Scores
STP,51.1,47,48.7,2024 Scores
DZA,30.2,26.7,28.3,2024 Scores
EGY,64.6,42.4,52.5,2024 Scores
LBY,28.2,28,28.1,2024 Scores
MAR,65.3,87.4,77.3,2024 Scores
TUN,47.7,69.9,59.7,2024 Scores
BWA,42,56,49.6,2024 Scores
LSO,42.6,44.4,43.6,2024 Scores
NAM,31.4,49.9,41.4,2024 Scores
ZAF,47.6,53.9,51,2024 Scores
SWZ,29.4,37.6,33.9,2024 Scores
BEN,53.5,64.1,59.2,2024 Scores
BFA,66.9,85.2,76.8,2024 Scores
CPV,48.8,45.4,46.9,2024 Scores
CIV,42.5,78.9,62.3,2024 Scores
GMB,46,49.7,48,2024 Scores
GHA,58.3,50.2,53.9,2024 Scores
GIN,50.7,41.8,45.8,2024 Scores
GNB,34.4,38.5,36.7,2024 Scores
LBR,31.9,29.8,30.8,2024 Scores
MLI,45.7,62,54.6,2024 Scores
MRT,43,41.7,42.3,2024 Scores
NER,51.5,79.1,66.5,2024 Scores
NGA,47.7,62.9,56,2024 Scores
SEN,60,88.1,75.3,2024 Scores
SLE,39.8,43.1,41.6,2024 Scores
TGO,55.3,54.1,54.7,2024 Scores
AIA,24.6,29.6,27.5,2024 Scores
ATG,32.8,38.7,36.3,2024 Scores
ABW,47.1,43.9,45.2,2024 Scores
BHS,37,31.9,34.2,2024 Scores
BRB,30.6,37.7,34.8,2024 Scores
CUB,51.7,39.5,45.1,2024 Scores
DMA,28.5,39.8,35.1,2024 Scores
DOM,66.5,59,62.4,2024 Scores
GRD,37.9,36.5,37.1,2024 Scores
HTI,25.9,24.9,25.3,2024 Scores
JAM,47.8,70.8,60.3,2024 Scores
KNA,34.3,41.5,38.6,2024 Scores
LCA,51,54.4,53,2024 Scores
VCT,40.1,48.9,45.3,2024 Scores
TTO,47.1,54.3,51,2024 Scores
BLZ,49.9,53.2,51.7,2024 Scores
CRI,66.8,66.9,66.8,2024 Scores
SLV,32.6,31.7,32.1,2024 Scores
GTM,56.6,54.3,55.4,2024 Scores
HND,51.4,48,49.6,2024 Scores
MEX,72,79.7,76.2,2024 Scores
NIC,46.7,39.6,42.8,2024 Scores
PAN,57.9,65,61.8,2024 Scores
CAN,76.6,79.9,78.3,2024 Scores
GRL,49.3,73.6,62.5,2024 Scores
USA,70.4,85,78.3,2024 Scores
ARG,61.7,57,59.2,2024 Scores
BOL,66,53.7,59.3,2024 Scores
BRA,70.6,66.9,68.5,2024 Scores
CHL,70.1,64.7,67.2,2024 Scores
COL,68.1,65.1,66.5,2024 Scores
ECU,61.6,67,64.5,2024 Scores
GUY,46.1,50.5,48.5,2024 Scores
PRY,57.4,72.1,65.4,2024 Scores
PER,64,61.5,62.6,2024 Scores
SUR,54.8,67.9,61.9,2024 Scores
URY,52.3,55.9,54.3,2024 Scores
VEN,23.1,23.2,23.2,2024 Scores
KAZ,74.4,70.4,72.2,2024 Scores
KGZ,66.6,52.6,59,2024 Scores
TJK,54.1,56.9,55.6,2024 Scores
TKM,22.4,15.9,18.9,2024 Scores
UZB,77.5,87.4,82.9,2024 Scores
BRN,55,66.7,61.4,2024 Scores
KHM,40.1,42.8,41.5,2024 Scores
CHN,48.2,31.8,39.3,2024 Scores
HKG,81.1,92.7,87.9,2024 Scores
IDN,71,75.6,73.5,2024 Scores
JPN,66.5,75.5,71.4,2024 Scores
KOR,58.2,88.3,74.5,2024 Scores
LAO,38.9,52.2,46.1,2024 Scores
MAC,48.7,55.1,52.5,2024 Scores
MYS,78.8,99,89.8,2024 Scores
MNG,76.6,89,83.4,2024 Scores
MMR,51.8,61.4,57,2024 Scores
PHL,68.9,78.9,74.3,2024 Scores
SGP,83.5,95.2,90.4,2024 Scores
THA,63.8,63.8,63.8,2024 Scores
TLS,47.3,35.3,40.8,2024 Scores
VNM,42.9,53,48.4,2024 Scores
AFG,39.5,45.3,42.7,2024 Scores
BGD,52.9,40.4,46.1,2024 Scores
BTN,50.1,49,49.5,2024 Scores
IND,52.2,55.4,54,2024 Scores
MDV,56.2,49.7,52.4,2024 Scores
NPL,52.3,48.7,50.4,2024 Scores
PAK,49.2,35.9,42,2024 Scores
LKA,53.7,44.6,48.8,2024 Scores
ARM,63.4,58.6,60.8,2024 Scores
AZE,61.7,60.7,61.1,2024 Scores
BHR,62.7,68.6,66.2,2024 Scores
CYP,51,59.7,55.7,2024 Scores
GEO,68.3,81.3,75.4,2024 Scores
IRQ,41.2,48.8,45.3,2024 Scores
ISR,64.4,82.6,74.3,2024 Scores
JOR,62.1,80.7,72.2,2024 Scores
KWT,46.8,56.6,52.1,2024 Scores
LBN,26.6,38.4,33,2024 Scores
OMN,69.8,96.5,84.3,2024 Scores
QAT,51.7,50.4,51,2024 Scores
SAU,65.5,79.6,73.2,2024 Scores
SYR,27.4,29.3,28.5,2024 Scores
TUR,69.7,59.2,64,2024 Scores
ARE,73.6,94.8,85.1,2024 Scores
YEM,38.8,34.9,36.7,2024 Scores
BGR,67.3,77.6,72.9,2024 Scores
CZE,57.9,67,62.9,2024 Scores
HUN,68.4,86.6,78.3,2024 Scores
XKX,50.6,60.6,56,2024 Scores
MDA,67.4,88,78.6,2024 Scores
POL,81.9,97,90.1,2024 Scores
ROU,77.6,84.1,81.1,2024 Scores
RUS,58.9,63.9,61.6,2024 Scores
SVK,63.9,85.3,75.5,2024 Scores
UKR,62.2,65.4,63.9,2024 Scores
DNK,83.1,93.5,88.7,2024 Scores
EST,66.2,88.9,78.5,2024 Scores
FIN,82.3,94.6,89,2024 Scores
ISL,56,88.5,73.7,2024 Scores
IRL,59.9,91.4,77,2024 Scores
LVA,64.6,90.4,78.6,2024 Scores
LTU,72.1,76,74.2,2024 Scores
NOR,80.2,95.7,88.6,2024 Scores
SWE,78,86.2,82.5,2024 Scores
GBR,60.8,77.8,70,2024 Scores
ALB,59.6,57,58.2,2024 Scores
AND,50.6,65.1,59.2,2024 Scores
BIH,51.4,46.8,48.9,2024 Scores
HRV,57.5,62.6,60.3,2024 Scores
GRC,47.1,55.1,51.4,2024 Scores
ITA,72.9,78.1,75.8,2024 Scores
MKD,70.2,64.7,67.2,2024 Scores
MLT,52.7,67.9,61.6,2024 Scores
MNE,44.8,64,55.2,2024 Scores
PRT,71,92.9,82.9,2024 Scores
SMR,35.2,32.2,33.4,2024 Scores
SRB,63.5,79.7,72.3,2024 Scores
SVN,73.8,95.6,85.6,2024 Scores
ESP,78,77,77.4,2024 Scores
AUT,65,77.3,71.7,2024 Scores
BEL,51.9,55,53.6,2024 Scores
FRA,53.4,70.5,62.7,2024 Scores
DEU,70.7,86,79,2024 Scores
AUS,66.4,85.5,76.7,2024 Scores
NZL,65.7,84.7,76,2024 Scores
FJI,49.4,39.4,44,2024 Scores
PNG,35.1,36.7,36,2024 Scores
SLB,38.2,38.3,38.2,2024 Scores
VUT,43.6,35,38.9,2024 Scores
KIR,36.3,39.2,38,2024 Scores
MHL,37.8,37,37.4,2024 Scores
FSM,25,25.7,25.4,2024 Scores
NRU,26.4,22.1,23.9,2024 Scores
PLW,50.1,34.7,41,2024 Scores
COK,47.1,40.6,43.3,2024 Scores
WSM,49.6,41.1,45,2024 Scores
TON,46,36.5,40.4,2024 Scores
TUV,34.3,33.2,33.7,2024 Scores
PSE,72.4,77,74.9,2024 Scores
LIE,52.1,80.1,68.6,2024 Scores
NLD,70.4,91.7,81.9,2024 Scores
LUX,54.1,74.6,65.3,2024 Scores
CHE,69.6,63.7,66.4,2024 Scores
TWN,58.3,71.6,65.5,2024 Scores
MCO,25.1,21.7,23.1,2024 Scores
